-- phpMyAdmin SQL Dump
-- version 5.2.1
-- https://www.phpmyadmin.net/
--
-- Host: 127.0.0.1
-- Generation Time: Apr 24, 2024 at 04:11 PM
-- Server version: 10.4.32-MariaDB
-- PHP Version: 8.1.25

SET SQL_MODE = "NO_AUTO_VALUE_ON_ZERO";
START TRANSACTION;
SET time_zone = "+00:00";


/*!40101 SET @OLD_CHARACTER_SET_CLIENT=@@CHARACTER_SET_CLIENT */;
/*!40101 SET @OLD_CHARACTER_SET_RESULTS=@@CHARACTER_SET_RESULTS */;
/*!40101 SET @OLD_COLLATION_CONNECTION=@@COLLATION_CONNECTION */;
/*!40101 SET NAMES utf8mb4 */;

--
-- Database: `garment_shop`
--

--
-- Dumping data for table `admins`
--

INSERT INTO `admins` (`id`, `name`, `email`, `password`, `address`, `phone`, `created_at`, `updated_at`, `role`) VALUES
(1, 'Admin', 'admin@gmail.com', 'e10adc3949ba59abbe56e057f20f883e', NULL, '01795621796', NULL, NULL, 'Admin'),
(6, 'admin3', ' admin3@gmail.com', 'e10adc3949ba59abbe56e057f20f883e', NULL, '01795621796', NULL, NULL, 'Admin');

--
-- Dumping data for table `brands`
--

INSERT INTO `brands` (`id`, `name`) VALUES
(1, 'sample brand 1'),
(2, 'sample brand 2');

--
-- Dumping data for table `categories`
--

INSERT INTO `categories` (`id`, `name`) VALUES
(1, 'category 1'),
(2, 'category 2'),
(3, 'category 2'),
(4, 'category 2'),
(5, 'category 2');

--
-- Dumping data for table `customers`
--

INSERT INTO `customers` (`id`, `name`, `email`, `address`, `phone`, `created_at`, `updated_at`, `created_by`) VALUES
(3, 'customer1', 'customer1@gmail.com', '15/2, Dhanmondi-15, Dhaka-1207', '01711112222', '2024-04-13 15:15:43', '2024-04-13 15:15:43', 1),
(5, 'customer2', 'customer2@gmail.com', '15/2, Dhanmondi-15, Dhaka-1207', '01711112222', '2024-04-13 15:16:19', '2024-04-13 15:16:19', 1),
(6, 'a12', 'dsfgfhg@dfg.fds2445', 'sad2', '23456782', '2024-04-13 15:16:59', '2024-04-16 07:15:03', 1),
(7, 'customer4', 'customer4@gmail.com', '15/2, Dhanmondi-15, Dhaka-1207', '01711112222', '2024-04-13 15:17:11', '2024-04-13 15:17:11', 1),
(8, 'customer5', 'customer5@gmail.com', '15/2, Dhanmondi-15, Dhaka-1207', '01711112222', '2024-04-13 15:17:20', '2024-04-13 15:17:20', 1),
(10, 'customer6', 'customer6@gmail.com', '15/2, Dhanmondi-15, Dhaka-1207', '01711112222', '2024-04-16 07:14:09', '2024-04-16 07:14:09', 1);

--
-- Dumping data for table `garments`
--

INSERT INTO `garments` (`id`, `name`, `sku`, `stock`, `category_id`, `description`, `unit_price`, `purchase_price`, `discount`, `created_at`, `updated_at`, `created_by`, `brand_id`, `color`, `size`) VALUES
(1, 'Product 1', 'p1', 48, 1, 'new', 500, 450, 10, '2024-04-13 09:18:02', '2024-04-13 09:18:02', 1, 1, 'black', 'sm'),
(2, 'Product 2', 'p2', 44, 1, 'new', 500, 450, 10, '2024-04-13 09:18:08', '2024-04-13 09:18:08', 1, 1, 'black', 'sm'),
(3, 'Product 3', 'p3', 31, 1, 'new', 500, 450, 10, '2024-04-13 09:18:12', '2024-04-13 09:18:12', 1, 1, 'black', 'sm'),
(4, 'Product 4', 'p4', 32, 1, 'new', 500, 450, 10, '2024-04-13 09:18:16', '2024-04-13 09:18:16', 1, 1, 'black', 'sm'),
(5, 'Product 5', 'p5', 35, 1, 'new', 500, 450, 10, '2024-04-13 09:18:21', '2024-04-13 09:18:21', 1, 1, 'black', 'sm'),
(6, 'Product 6', 'p6', 34, 1, 'new', 500, 450, 10, '2024-04-13 09:18:26', '2024-04-13 09:18:26', 1, 1, 'black', 'sm'),
(7, 'Product 7', 'p7', 39, 1, 'new', 500, 450, 10, '2024-04-13 09:18:31', '2024-04-13 09:18:31', 1, 1, 'black', 'sm'),
(8, 'Product 8', 'p8', 35, 1, 'new', 500, 450, 10, '2024-04-13 09:18:36', '2024-04-13 09:18:36', 1, 1, 'black', 'sm'),
(9, 'Product 9', 'p9', 34, 1, 'new', 500, 450, 10, '2024-04-13 09:18:41', '2024-04-13 09:18:41', 1, 1, 'black', 'sm'),
(10, 'Product 10', 'p10', 39, 1, 'new', 500, 450, 10, '2024-04-13 09:18:48', '2024-04-13 09:18:48', 1, 1, 'black', 'sm'),
(11, 'Product 11', 'p11', 38, 2, 'new', 500, 450, 10, '2024-04-13 09:18:59', '2024-04-13 09:18:59', 1, 1, 'black', 'sm'),
(12, 'Product 12', 'p12', 37, 2, 'new', 500, 450, 10, '2024-04-13 09:19:07', '2024-04-13 09:19:07', 1, 1, 'black', 'sm'),
(13, 'Product 13', 'p13', 40, 2, 'new', 500, 450, 10, '2024-04-13 09:19:13', '2024-04-13 09:19:13', 1, 1, 'black', 'sm'),
(14, 'Product 14', 'p14', 40, 2, 'new', 500, 450, 10, '2024-04-13 09:19:18', '2024-04-13 09:19:18', 1, 1, 'black', 'sm'),
(15, 'Product 15', 'p15', 40, 2, 'new', 500, 450, 10, '2024-04-13 09:19:22', '2024-04-13 09:19:22', 1, 1, 'black', 'sm'),
(16, 'Product 16', 'p16', 40, 2, 'new', 500, 450, 10, '2024-04-13 09:19:26', '2024-04-13 09:19:26', 1, 1, 'black', 'sm'),
(17, 'Product 17', 'p17', 37, 2, 'new', 500, 450, 10, '2024-04-13 09:19:30', '2024-04-13 09:19:30', 1, 1, 'black', 'sm'),
(18, 'Product 18', 'p18', 40, 2, 'new', 500, 450, 10, '2024-04-13 09:19:36', '2024-04-13 09:19:36', 1, 1, 'black', 'sm'),
(19, 'Product 19', 'p19', 37, 2, 'new', 500, 450, 10, '2024-04-13 09:19:41', '2024-04-13 09:19:41', 1, 1, 'black', 'sm'),
(20, 'Product 20', 'p20', 33, 2, 'new', 500, 450, 10, '2024-04-13 09:19:47', '2024-04-13 09:19:47', 1, 1, 'black', 'sm');

--
-- Dumping data for table `orders`
--

INSERT INTO `orders` (`id`, `customer_id`, `shipping_address`, `delivery_status`, `payment_status`, `grand_total`, `date`, `created_at`, `updated_at`, `created_by`, `discount`) VALUES
(2, 3, 'Dhaka', 'Delivered', 'Paid', 2940, '13/04/2024', '2024-04-13 14:20:49', '2024-04-13 14:20:49', 1, NULL),
(3, 3, 'Dhaka', 'Delivered', 'Paid', 2940, '13/04/2024', '2024-04-13 14:22:47', '2024-04-13 14:22:47', 1, NULL),
(5, 5, 'Dhaka', 'Delivered', 'Paid', 2940, '13/04/2024', '2024-04-13 14:23:51', '2024-04-13 14:23:51', 1, NULL),
(6, 6, 'Dhaka', 'Delivered', 'Paid', 2940, '13/04/2024', '2024-04-13 14:24:05', '2024-04-13 14:24:05', 1, NULL),
(7, 7, 'Dhaka', 'Delivered', 'Paid', 2940, '13/04/2024', '2024-04-13 14:24:21', '2024-04-13 14:24:21', 1, NULL),
(8, 8, 'Dhaka', 'Delivered', 'Paid', 2940, '13/04/2024', '2024-04-13 14:24:29', '2024-04-13 14:24:29', 1, NULL),
(10, 5, 'Dhaka', 'Delivered', 'Paid', 2940, '13/04/2024', '2024-04-13 14:24:56', '2024-04-13 14:24:56', 1, NULL),
(11, 8, 'dhaka', 'Pickedup', 'Paid', 2450, '2024-04-22T12:14:45.042Z', '2024-04-22 06:14:45', '2024-04-22 06:14:45', 1, NULL),
(12, 8, 'dhaka', 'Delivered', 'Paid', 2450, '2024-04-22T12:38:38.495Z', '2024-04-22 06:38:38', '2024-04-22 06:38:38', 1, NULL),
(13, 8, 'dhaka', 'Confirmed', 'Paid', 1470, '2024-04-22T17:27:46.303Z', '2024-04-22 11:27:46', '2024-04-22 11:27:46', 1, NULL),
(14, 3, 'dhaka', 'Delivered', 'Paid', 490, '2024-04-24T13:34:48.421Z', '2024-04-24 07:34:48', '2024-04-24 07:34:48', 1, NULL);

--
-- Dumping data for table `order_details`
--

INSERT INTO `order_details` (`id`, `order_id`, `price`, `quantity`, `garment_id`, `review`) VALUES
(1, 2, 500, 1, 1, NULL),
(2, 2, 500, 2, 3, NULL),
(3, 2, 500, 3, 6, NULL),
(4, 3, 500, 1, 2, NULL),
(5, 3, 500, 2, 4, NULL),
(6, 3, 500, 3, 5, NULL),
(7, 5, 500, 1, 7, NULL),
(8, 5, 500, 2, 8, NULL),
(9, 5, 500, 3, 9, NULL),
(10, 6, 500, 1, 7, NULL),
(11, 6, 500, 2, 11, NULL),
(12, 6, 500, 3, 12, NULL),
(13, 7, 500, 1, 8, NULL),
(14, 7, 500, 2, 5, NULL),
(15, 7, 500, 3, 4, NULL),
(16, 8, 500, 1, 1, NULL),
(17, 8, 500, 2, 2, NULL),
(18, 8, 500, 3, 3, NULL),
(19, 10, 500, 1, 2, 'nice'),
(20, 10, 500, 2, 3, 'nice'),
(21, 10, 500, 3, 4, 'nice'),
(22, 11, 500, 5, 20, NULL),
(23, 12, 500, 1, 20, NULL),
(24, 12, 500, 1, 19, NULL),
(25, 12, 500, 3, 17, NULL),
(26, 13, 490, 1, 20, '23'),
(27, 13, 490, 2, 19, 'dfgf'),
(28, 14, 490, 1, 10, 'rrrr');

--
-- Dumping data for table `order_trackings`
--

INSERT INTO `order_trackings` (`id`, `order_id`, `date`, `created_at`, `updated_at`, `created_by`, `delivery_status`, `payment_status`) VALUES
(1, 5, '2024-04-14T02:23:51.000Z', '2024-04-13 14:23:51', '2024-04-13 14:23:51', 1, 'Delivered', 'Paid'),
(2, 6, '2024-04-14T02:24:05.000Z', '2024-04-13 14:24:05', '2024-04-13 14:24:05', 1, 'Delivered', 'Paid'),
(3, 7, '2024-04-14T02:24:21.000Z', '2024-04-13 14:24:21', '2024-04-13 14:24:21', 1, 'Delivered', 'Paid'),
(4, 8, '2024-04-14T02:24:29.000Z', '2024-04-13 14:24:29', '2024-04-13 14:24:29', 1, 'Delivered', 'Paid'),
(5, 10, '2024-04-14T02:24:56.000Z', '2024-04-13 14:24:56', '2024-04-13 14:24:56', 1, 'Delivered', 'Paid'),
(6, 11, '2024-04-22T18:14:45.000Z', '2024-04-22 06:14:45', '2024-04-22 06:14:45', 1, 'Pickedup', 'Paid'),
(7, 12, '2024-04-22T18:38:38.000Z', '2024-04-22 06:38:38', '2024-04-22 06:38:38', 1, 'Delivered', 'Paid'),
(8, 13, '2024-04-22T23:27:46.000Z', '2024-04-22 11:27:46', '2024-04-22 11:27:46', 1, 'Confirmed', 'Paid'),
(9, 14, '2024-04-24T19:34:48.000Z', '2024-04-24 07:34:48', '2024-04-24 07:34:48', 1, 'Delivered', 'Paid');

--
-- Dumping data for table `purchases`
--

INSERT INTO `purchases` (`id`, `supplier_id`, `delivery_status`, `payment_status`, `grand_total`, `date`, `created_at`, `updated_at`, `created_by`) VALUES
(1, 1, 'Delivered', 'Paid', 180000, '13/04/2024', '2024-04-13 09:22:40', '2024-04-13 09:22:40', 1),
(2, 2, 'Delivered', 'Paid', 180000, '13/04/2024', '2024-04-13 09:22:58', '2024-04-13 09:22:58', 1),
(3, 2, 'Pickedup', 'Paid', 450, '2024-04-21T18:47:09.625Z', '2024-04-21 12:47:09', '2024-04-21 12:47:09', 1),
(4, 2, 'Delivered', 'Paid', 900, '2024-04-21T18:48:19.440Z', '2024-04-21 12:48:19', '2024-04-21 12:48:19', 1),
(5, 2, 'Delivered', 'Paid', 1350, '2024-04-21T18:48:33.774Z', '2024-04-21 12:48:33', '2024-04-21 12:48:33', 1),
(6, 2, 'Delivered', 'Paid', 4050, '2024-04-21T18:51:53.085Z', '2024-04-21 12:51:53', '2024-04-21 12:51:53', 1),
(7, 2, 'Confirmed', 'Paid', 900, '2024-04-21T18:52:57.150Z', '2024-04-21 12:52:57', '2024-04-21 12:52:57', 1),
(8, 1, 'Delivered', 'Paid', 1350, '2024-04-21T19:09:46.581Z', '2024-04-21 13:09:46', '2024-04-21 13:09:46', 1),
(9, 2, 'Confirmed', 'Paid', 900, '2024-04-21T19:55:35.528Z', '2024-04-21 13:55:35', '2024-04-21 13:55:35', 1),
(10, 2, 'Confirmed', 'Paid', 450, '2024-04-21T19:55:38.012Z', '2024-04-21 13:55:38', '2024-04-21 13:55:38', 1),
(11, 2, 'Confirmed', 'Paid', 450, '2024-04-21T19:55:39.766Z', '2024-04-21 13:55:39', '2024-04-21 13:55:39', 1),
(12, 2, 'Confirmed', 'Paid', 450, '2024-04-21T19:55:41.126Z', '2024-04-21 13:55:41', '2024-04-21 13:55:41', 1),
(13, 2, 'Confirmed', 'Paid', 450, '2024-04-21T19:55:42.527Z', '2024-04-21 13:55:42', '2024-04-21 13:55:42', 1);

--
-- Dumping data for table `purchase_details`
--

INSERT INTO `purchase_details` (`id`, `purchase_id`, `price`, `quantity`, `garment_id`) VALUES
(1, 1, 450, 40, 1),
(2, 1, 450, 40, 2),
(3, 1, 450, 40, 3),
(4, 1, 450, 40, 4),
(5, 1, 450, 40, 5),
(6, 1, 450, 40, 6),
(7, 1, 450, 40, 7),
(8, 1, 450, 40, 8),
(9, 1, 450, 40, 9),
(10, 1, 450, 40, 10),
(11, 2, 450, 40, 11),
(12, 2, 450, 40, 12),
(13, 2, 450, 40, 13),
(14, 2, 450, 40, 14),
(15, 2, 450, 40, 15),
(16, 2, 450, 40, 16),
(17, 2, 450, 40, 17),
(18, 2, 450, 40, 18),
(19, 2, 450, 40, 19),
(20, 2, 450, 40, 20),
(21, 3, 450, 1, 1),
(22, 4, 450, 2, 1),
(23, 5, 450, 2, 2),
(24, 5, 450, 1, 3),
(25, 6, 450, 3, 1),
(26, 6, 450, 6, 2),
(27, 7, 450, 2, 1),
(28, 8, 450, 1, 1),
(29, 8, 450, 1, 2),
(30, 8, 450, 1, 3),
(31, 9, 450, 2, 4),
(32, 10, 450, 1, 1),
(33, 11, 450, 1, 4),
(34, 12, 450, 1, 7),
(35, 13, 450, 1, 7);

--
-- Dumping data for table `ratings`
--

INSERT INTO `ratings` (`id`, `customer_id`, `garment_id`, `order_id`, `rating`, `created_at`) VALUES
(1, 3, 1, 2, 5, '2024-04-13 14:28:51'),
(2, 3, 3, 2, 3, '2024-04-13 14:29:20'),
(3, 3, 6, 2, 4, '2024-04-13 14:29:54'),
(4, 3, 2, 3, 1, '2024-04-13 14:30:11'),
(5, 3, 4, 3, 3, '2024-04-13 14:30:44'),
(6, 3, 5, 3, 1, '2024-04-13 14:31:09'),
(7, 5, 7, 5, 3, '2024-04-13 14:31:24'),
(8, 5, 8, 5, 4, '2024-04-13 14:31:39'),
(9, 5, 9, 5, 4, '2024-04-13 14:31:55'),
(10, 6, 4, 6, 5, '2024-04-13 14:32:13'),
(11, 6, 11, 6, 1, '2024-04-13 14:32:35'),
(12, 6, 12, 6, 2, '2024-04-13 14:32:48'),
(13, 7, 8, 7, 3, '2024-04-13 14:33:05'),
(14, 7, 5, 7, 3, '2024-04-13 14:41:26'),
(15, 8, 1, 8, 4, '2024-04-13 14:41:57'),
(16, 8, 2, 8, 4, '2024-04-13 14:43:32'),
(17, 8, 3, 8, 3, '2024-04-13 14:45:02'),
(18, 5, 2, 10, 3, '2024-04-13 14:48:10'),
(19, 5, 3, 10, 4, '2024-04-13 14:48:27'),
(20, 5, 4, 10, 4, '2024-04-14 23:27:11'),
(21, 8, 20, 13, 2, '2024-04-23 13:53:03'),
(22, 3, 10, 14, 4, '2024-04-24 07:56:35'),
(23, 3, 3, 3, 3, '2024-04-24 07:57:27'),
(24, 3, 10, 14, 4, '2024-04-24 08:09:35'),
(25, 8, 20, 13, 4, '2024-04-24 08:09:55'),
(26, 8, 19, 13, 3, '2024-04-24 08:10:07');

--
-- Dumping data for table `suppliers`
--

INSERT INTO `suppliers` (`id`, `name`, `email`, `address`, `phone`, `created_at`, `updated_at`, `created_by`) VALUES
(1, 'supplier ', 'supplier@gmail.com', 'Dhaka', '23456782', '2024-04-13 15:20:48', '2024-04-16 07:36:34', 1),
(2, 'supplier 2', 'supplier2@gmail.com', 'sample address', '01711112222', '2024-04-13 15:20:54', '2024-04-13 15:20:54', 1);

--
-- Dumping data for table `_prisma_migrations`
--

INSERT INTO `_prisma_migrations` (`id`, `checksum`, `finished_at`, `migration_name`, `logs`, `rolled_back_at`, `started_at`, `applied_steps_count`) VALUES
('0992df11-acf8-44f4-bfe2-8df8c4886fd9', '9f9b3f1f00e467c7b7c60b27343e3d51be0bc1a9dfca6ab1d53e745c739bf866', '2024-04-09 07:45:46.323', '20240408194053_f88', NULL, NULL, '2024-04-09 07:45:46.184', 1),
('0f37d0a4-1051-42a7-b3ff-88bc69ca120a', '209fdb9dae32ba01c92e7c35fea46cd3f6e6084ab166a75c6aa709eefde06c4b', '2024-04-09 07:45:46.858', '20240408224805_h', NULL, NULL, '2024-04-09 07:45:46.686', 1),
('1a4e08d2-f099-4b71-afd2-3856cd79aa28', '92e3fbd3c00784cbaf75912f94e2998160462fb56d2690ee3c3834f6d29c90cf', '2024-04-09 20:38:52.139', '20240409203852_d', NULL, NULL, '2024-04-09 20:38:52.132', 1),
('2a58d1a4-166e-40f6-870d-31067e165097', '59e3d8bc9a575074543a38654b90ebbcc562e656b32b6c718f0837e4895b8e5e', '2024-04-09 07:45:45.894', '20240408185422_f44', NULL, NULL, '2024-04-09 07:45:45.883', 1),
('3fe060ed-80a0-4106-8d3d-711ea1e2f9af', '24395facae4e7329a3dbd9eb8ec0b87196f42bdab69e9ce5c37602ae08d4948d', '2024-04-09 07:55:38.629', '20240409075538_gf', NULL, NULL, '2024-04-09 07:55:38.612', 1),
('410b110e-0a48-4006-bea3-2952c8431a8b', '6d8d2c7d3e73ee0a97dbb289a416a03ad5c3786e11f52d13c93b7ccb7bf07942', '2024-04-09 07:45:45.883', '20240408185206_f3', NULL, NULL, '2024-04-09 07:45:45.788', 1),
('4a87a7e9-523a-4389-ad2f-f6572a976841', 'd8016f3569139c8df290ec4434dea3a53e09962350f1865f0b8e9f44ee20a74c', '2024-04-13 20:35:11.566', '20240413203511_gfh', NULL, NULL, '2024-04-13 20:35:11.559', 1),
('55ab7228-d5ed-4c43-8f8c-e981db273f77', 'f8adb218a65a5e4b524747ec9519f3c5941e94f72ba5b7fe8fb4fb53111d4d26', '2024-04-09 07:45:46.396', '20240408194444_ds', NULL, NULL, '2024-04-09 07:45:46.324', 1),
('60a80d98-e9d0-4f63-a59f-71cfb08555d7', '05f2e6a60f8240ae2446c42de851e539fa6d60bcc1966935ef85741afce2a12b', '2024-04-15 08:06:07.559', '20240415080607_gg', NULL, NULL, '2024-04-15 08:06:07.446', 1),
('64baa6e7-f0f4-40f8-8b34-9051aec6e822', '6acedb2ba6ac25c687244723023d45c47fb700416b6837d310a36a1ce30ba4b7', '2024-04-09 07:45:45.903', '20240408185448_f5', NULL, NULL, '2024-04-09 07:45:45.895', 1),
('6b1ec893-b468-4b7b-9f1d-b198f24cb624', '408dcb244a9c37d165a3df2a249eba25eea65c664d1028c1c6ffc2ffd88413d5', '2024-04-09 08:00:30.284', '20240409080030_vg', NULL, NULL, '2024-04-09 08:00:30.275', 1),
('73b4e1ef-a202-4335-b348-ecbb03af6096', 'c7fc7bdb61c773a6d1cd9ceb5ef33a6258f4ef102f56ef125a0e3e6e4865772e', '2024-04-09 07:45:45.787', '20240408185042_f2', NULL, NULL, '2024-04-09 07:45:45.488', 1),
('748c8f2f-3612-4bd2-a941-9ba9d34aff28', '92e3fbd3c00784cbaf75912f94e2998160462fb56d2690ee3c3834f6d29c90cf', '2024-04-09 20:05:33.342', '20240409200533_f', NULL, NULL, '2024-04-09 20:05:33.336', 1),
('86f68979-8fe1-45f1-a739-ba9ba990642a', '8af0e31e50c218ab392bf832ed123f71ce1b48c6f4dae9a05a834acc7ba55910', '2024-04-09 07:45:52.094', '20240409074551_fff', NULL, NULL, '2024-04-09 07:45:51.977', 1),
('87532662-c534-4d6a-9c3a-3483397502ac', '4f25cc71952314c50236acd3063d8268e03122c47f63444538c6ce2996573c47', '2024-04-09 07:45:46.172', '20240408193139_', NULL, NULL, '2024-04-09 07:45:46.162', 1),
('88533497-f268-4a1f-85e4-d820cd985e3d', '20ef79a3e4d4204bb56e22a2a3e2bd49c4ad501ed9e94592e4a6957f985d9ebe', '2024-04-09 07:45:46.064', '20240408191620_f6', NULL, NULL, '2024-04-09 07:45:45.905', 1),
('9c8c0436-42a8-461e-8b8d-ff197d3360c2', '4ea2acea65698015b6991db8fb764419f8fe767b6bdfe5bfe1092892e403d541', '2024-04-09 07:45:46.641', '20240408195513_jj', NULL, NULL, '2024-04-09 07:45:46.397', 1),
('a5afd9c3-0cf0-49c9-baa0-991a83b7f076', '845afc4954af9ed8de0df235e663c9a6d02cae3ab935bdafe8622c67e9367636', '2024-04-09 07:45:46.161', '20240408192444_f7', NULL, NULL, '2024-04-09 07:45:46.065', 1),
('ad7a0031-1b51-4dce-b131-b82610fb56f5', '8c51c1901618bcb47c66ef51b026a43d9a14b7434381776e9bac3d936dd79413', '2024-04-13 08:01:54.815', '20240413080154_ss', NULL, NULL, '2024-04-13 08:01:54.691', 1),
('adce3de7-bb96-4920-be54-47be512c958a', '92e3fbd3c00784cbaf75912f94e2998160462fb56d2690ee3c3834f6d29c90cf', '2024-04-09 07:45:46.646', '20240408195526_g', NULL, NULL, '2024-04-09 07:45:46.642', 1),
('ae36a7a0-e3c8-4aaf-aae9-2f20fdfd64d2', 'b0dcca19ee5167bfc06c6b4a132fa39cf52904f9f4e417b59338e4e106587ea4', '2024-04-09 07:45:46.184', '20240408193525_gg', NULL, NULL, '2024-04-09 07:45:46.173', 1),
('c3f49122-6154-4d94-9c77-2177ba166947', '26ec3f04032a790c711df08c79ca3bf667b1dfca90786bf273b6e79cc4663fe1', '2024-04-09 07:45:45.486', '20240408173058_f1', NULL, NULL, '2024-04-09 07:45:45.408', 1),
('c4bdbfa4-46c1-49a4-a3a9-c33167acde3d', 'fe9c8a5e0cc903053cac65fe8ef87673b6d613830f7bb6efbf42a325dae80a6c', '2024-04-13 08:06:06.187', '20240413080605_sdf', NULL, NULL, '2024-04-13 08:06:06.014', 1),
('cc633d23-d9cc-41ae-a8b9-506151613ef1', '8a1bb1e8c68bdab1f3553e013de0ad0a54f60d3be4868cd941c57f8b5b0cb6ce', '2024-04-09 20:41:40.975', '20240409204140_d', NULL, NULL, '2024-04-09 20:41:40.892', 1),
('e0ebdd67-b8f8-4412-bed5-58b0ca8e159c', '56997afa0811399bc7cf356d9582f26a3111f125a186fee70738ccc5bb4b4a61', '2024-04-09 07:45:46.987', '20240408232503_kl', NULL, NULL, '2024-04-09 07:45:46.858', 1),
('fbade2ad-8ed9-4123-920f-3630d6994134', 'ae95ccc4362bc6ae426fd11420fd2508fa05debfabc90b2b2e5ccfe2a73282dc', '2024-04-09 07:45:46.685', '20240408224651_g', NULL, NULL, '2024-04-09 07:45:46.647', 1),
('fe58fef3-0f31-41b1-9f26-e4e203f254a6', '92e3fbd3c00784cbaf75912f94e2998160462fb56d2690ee3c3834f6d29c90cf', '2024-04-13 07:28:53.095', '20240413072853_n', NULL, NULL, '2024-04-13 07:28:53.086', 1);
COMMIT;

/*!40101 SET CHARACTER_SET_CLIENT=@OLD_CHARACTER_SET_CLIENT */;
/*!40101 SET CHARACTER_SET_RESULTS=@OLD_CHARACTER_SET_RESULTS */;
/*!40101 SET COLLATION_CONNECTION=@OLD_COLLATION_CONNECTION */;
